"date","geography","geography code","Year Last Worked: All categories: Year last worked; Age: All categories: Age 16 and over; measures: Value","Year Last Worked: All categories: Year last worked; Age: Age 16 to 24; measures: Value","Year Last Worked: All categories: Year last worked; Age: Age 25 to 34; measures: Value","Year Last Worked: All categories: Year last worked; Age: Age 35 to 49; measures: Value","Year Last Worked: All categories: Year last worked; Age: Age 50 to 64; measures: Value","Year Last Worked: All categories: Year last worked; Age: Age 65 and over; measures: Value","Year Last Worked: In employment; Age: All categories: Age 16 and over; measures: Value","Year Last Worked: In employment; Age: Age 16 to 24; measures: Value","Year Last Worked: In employment; Age: Age 25 to 34; measures: Value","Year Last Worked: In employment; Age: Age 35 to 49; measures: Value","Year Last Worked: In employment; Age: Age 50 to 64; measures: Value","Year Last Worked: In employment; Age: Age 65 and over; measures: Value","Year Last Worked: Not in employment: Total; Age: All categories: Age 16 and over; measures: Value","Year Last Worked: Not in employment: Total; Age: Age 16 to 24; measures: Value","Year Last Worked: Not in employment: Total; Age: Age 25 to 34; measures: Value","Year Last Worked: Not in employment: Total; Age: Age 35 to 49; measures: Value","Year Last Worked: Not in employment: Total; Age: Age 50 to 64; measures: Value","Year Last Worked: Not in employment: Total; Age: Age 65 and over; measures: Value","Year Last Worked: Last worked in 2011; Age: All categories: Age 16 and over; measures: Value","Year Last Worked: Last worked in 2011; Age: Age 16 to 24; measures: Value","Year Last Worked: Last worked in 2011; Age: Age 25 to 34; measures: Value","Year Last Worked: Last worked in 2011; Age: Age 35 to 49; measures: Value","Year Last Worked: Last worked in 2011; Age: Age 50 to 64; measures: Value","Year Last Worked: Last worked in 2011; Age: Age 65 and over; measures: Value","Year Last Worked: Last worked in 2010; Age: All categories: Age 16 and over; measures: Value","Year Last Worked: Last worked in 2010; Age: Age 16 to 24; measures: Value","Year Last Worked: Last worked in 2010; Age: Age 25 to 34; measures: Value","Year Last Worked: Last worked in 2010; Age: Age 35 to 49; measures: Value","Year Last Worked: Last worked in 2010; Age: Age 50 to 64; measures: Value","Year Last Worked: Last worked in 2010; Age: Age 65 and over; measures: Value","Year Last Worked: Last worked in 2009; Age: All categories: Age 16 and over; measures: Value","Year Last Worked: Last worked in 2009; Age: Age 16 to 24; measures: Value","Year Last Worked: Last worked in 2009; Age: Age 25 to 34; measures: Value","Year Last Worked: Last worked in 2009; Age: Age 35 to 49; measures: Value","Year Last Worked: Last worked in 2009; Age: Age 50 to 64; measures: Value","Year Last Worked: Last worked in 2009; Age: Age 65 and over; measures: Value","Year Last Worked: Last worked in 2008; Age: All categories: Age 16 and over; measures: Value","Year Last Worked: Last worked in 2008; Age: Age 16 to 24; measures: Value","Year Last Worked: Last worked in 2008; Age: Age 25 to 34; measures: Value","Year Last Worked: Last worked in 2008; Age: Age 35 to 49; measures: Value","Year Last Worked: Last worked in 2008; Age: Age 50 to 64; measures: Value","Year Last Worked: Last worked in 2008; Age: Age 65 and over; measures: Value","Year Last Worked: Last worked in 2007; Age: All categories: Age 16 and over; measures: Value","Year Last Worked: Last worked in 2007; Age: Age 16 to 24; measures: Value","Year Last Worked: Last worked in 2007; Age: Age 25 to 34; measures: Value","Year Last Worked: Last worked in 2007; Age: Age 35 to 49; measures: Value","Year Last Worked: Last worked in 2007; Age: Age 50 to 64; measures: Value","Year Last Worked: Last worked in 2007; Age: Age 65 and over; measures: Value","Year Last Worked: Last worked in 2006; Age: All categories: Age 16 and over; measures: Value","Year Last Worked: Last worked in 2006; Age: Age 16 to 24; measures: Value","Year Last Worked: Last worked in 2006; Age: Age 25 to 34; measures: Value","Year Last Worked: Last worked in 2006; Age: Age 35 to 49; measures: Value","Year Last Worked: Last worked in 2006; Age: Age 50 to 64; measures: Value","Year Last Worked: Last worked in 2006; Age: Age 65 and over; measures: Value","Year Last Worked: Last worked in 2001 - 2005; Age: All categories: Age 16 and over; measures: Value","Year Last Worked: Last worked in 2001 - 2005; Age: Age 16 to 24; measures: Value","Year Last Worked: Last worked in 2001 - 2005; Age: Age 25 to 34; measures: Value","Year Last Worked: Last worked in 2001 - 2005; Age: Age 35 to 49; measures: Value","Year Last Worked: Last worked in 2001 - 2005; Age: Age 50 to 64; measures: Value","Year Last Worked: Last worked in 2001 - 2005; Age: Age 65 and over; measures: Value","Year Last Worked: Last worked before 2001; Age: All categories: Age 16 and over; measures: Value","Year Last Worked: Last worked before 2001; Age: Age 16 to 24; measures: Value","Year Last Worked: Last worked before 2001; Age: Age 25 to 34; measures: Value","Year Last Worked: Last worked before 2001; Age: Age 35 to 49; measures: Value","Year Last Worked: Last worked before 2001; Age: Age 50 to 64; measures: Value","Year Last Worked: Last worked before 2001; Age: Age 65 and over; measures: Value","Year Last Worked: Never worked; Age: All categories: Age 16 and over; measures: Value","Year Last Worked: Never worked; Age: Age 16 to 24; measures: Value","Year Last Worked: Never worked; Age: Age 25 to 34; measures: Value","Year Last Worked: Never worked; Age: Age 35 to 49; measures: Value","Year Last Worked: Never worked; Age: Age 50 to 64; measures: Value","Year Last Worked: Never worked; Age: Age 65 and over; measures: Value"
"2011","Darlington","E06000005",85357,11149,13036,22482,20251,18439,49215,6241,10263,18390,13015,1306,36142,4908,2773,4092,7236,17133,826,241,135,160,224,66,3192,759,593,608,891,341,2187,293,311,373,744,466,1550,157,233,273,536,351,1251,104,161,203,447,336,1146,44,140,163,385,414,4733,79,434,668,1250,2302,15126,20,157,959,2305,11685,6131,3211,609,685,454,1172
"2011","County Durham","E06000047",425258,62540,58761,107554,104058,92345,228857,28469,45671,86829,62009,5879,196401,34071,13090,20725,42049,86466,4505,1965,693,778,804,265,18313,7263,2523,2632,4317,1578,11252,2080,1588,1803,3973,1808,8861,1182,1148,1376,3334,1821,6281,522,737,991,2451,1580,5575,301,584,800,2122,1768,22935,359,1860,3125,6755,10836,83831,115,956,5832,16139,60789,34848,20284,3001,3388,2154,6021
"2011","Hartlepool","E06000001",74228,10976,10655,19103,17896,15598,37894,5041,7488,14441,10105,819,36334,5935,3167,4662,7791,14779,772,263,139,173,153,44,3203,922,623,636,761,261,2136,336,404,417,734,245,1353,169,198,248,501,237,1113,105,145,218,401,244,1131,66,152,209,413,291,4167,78,482,649,1185,1773,15111,21,200,1280,3051,10559,7348,3975,824,832,592,1125
"2011","Middlesbrough","E06000002",110409,19943,18060,27018,24697,20691,54709,8353,11886,19447,13834,1189,55700,11590,6174,7571,10863,19502,1345,515,258,274,238,60,5921,2240,1064,895,1335,387,3125,698,617,575,868,367,2304,410,427,406,689,372,1574,199,295,315,487,278,1363,102,240,236,450,335,5571,153,716,947,1575,2180,20015,47,373,1739,4054,13802,14482,7226,2184,2184,1167,1721
"2011","Northumberland","E06000048",262162,30847,32308,64877,70826,63304,147827,17203,25474,54242,45544,5364,114335,13644,6834,10635,25282,57940,2262,650,361,442,596,213,9951,2307,1448,1660,3234,1302,6764,715,850,993,2748,1458,5138,369,553,735,2165,1316,3891,221,335,534,1671,1130,3867,112,314,456,1548,1437,15464,169,1100,1678,4272,8245,50419,56,440,2551,8015,39357,16579,9045,1433,1586,1033,3482
"2011","Redcar and Cleveland","E06000003",111011,15215,14615,27531,27398,26252,56593,7486,10862,21551,15147,1547,54418,7729,3753,5980,12251,24705,1095,315,185,263,255,77,4829,1083,728,828,1726,464,3178,464,467,550,1214,483,2063,243,289,359,744,428,1582,127,194,246,640,375,1558,85,182,233,574,484,6537,112,577,860,1997,2991,23860,28,257,1553,4390,17632,9716,5272,874,1088,711,1771
"2011","Stockton-on-Tees","E06000004",154503,23115,24047,40734,36656,29951,87397,11493,18357,32649,22921,1977,67106,11622,5690,8085,13735,27974,1667,557,313,351,328,118,6407,1944,1103,1120,1676,564,4203,712,669,769,1440,613,2964,389,464,543,1029,539,2188,208,312,375,797,496,2047,110,271,386,697,583,7764,128,857,1196,2159,3424,26763,44,335,1871,4709,19804,13103,7530,1366,1474,900,1833
"2011","Gateshead","E08000020",164716,21835,27169,42409,38058,35245,92238,11515,21301,34074,23355,1993,72478,10320,5868,8335,14703,33252,1644,534,345,322,342,101,6110,1623,1174,1125,1590,598,3855,514,611,692,1369,669,2969,289,455,514,1069,642,2181,138,295,396,792,560,2238,119,339,324,810,646,8748,150,841,1098,2230,4429,31805,46,415,2194,5562,23588,12928,6907,1393,1670,939,2019
"2011","Newcastle upon Tyne","E08000021",232203,55479,41001,51875,45129,38719,119840,21305,29553,39146,27302,2534,112363,34174,11448,12729,17827,36185,4199,2613,586,466,384,150,16982,10601,2288,1476,1938,679,6864,2271,1198,979,1675,741,4660,1156,750,779,1272,703,3048,447,518,482,952,649,2620,231,358,489,831,711,9967,263,1168,1631,2509,4396,35278,48,539,2861,6485,25345,28745,16544,4043,3566,1781,2811
"2011","North Tyneside","E08000022",165088,19960,25737,44084,40012,35295,96409,11296,20881,36732,25332,2168,68679,8664,4856,7352,14680,33127,1700,445,324,399,385,147,6050,1432,1092,1137,1752,637,4200,434,597,765,1650,754,3141,264,382,473,1325,697,2371,150,283,331,959,648,2246,87,221,320,847,771,8186,126,654,1108,2215,4083,30348,37,302,1685,4809,23515,10437,5689,1001,1134,738,1875
"2011","South Tyneside","E08000023",122200,16979,17244,30813,30311,26853,64867,8741,12932,23768,18024,1402,57333,8238,4312,7045,12287,25451,1310,411,259,284,284,72,4861,1353,801,948,1350,409,3238,425,509,670,1147,487,2355,256,318,424,909,448,1732,133,212,293,663,431,1704,81,203,273,597,550,6765,112,636,1026,1836,3155,24683,32,266,1795,4668,17922,10685,5435,1108,1332,833,1977
"2011","Sunderland","E08000024",227314,34170,32822,57921,55608,46793,121920,16662,24696,45215,32903,2444,105394,17508,8126,12706,22705,44349,2361,859,480,436,454,132,9465,3103,1620,1627,2345,770,5847,1036,826,1058,2058,869,4154,509,584,701,1557,803,3244,266,393,545,1286,754,2895,170,357,510,1084,774,11598,193,1200,1738,3329,5138,45176,60,540,3459,9093,32024,20654,11312,2126,2632,1499,3085
"2011","Blackburn with Darwen","E06000008",113122,17647,20858,30856,24700,19061,60726,8110,14543,22776,13912,1385,52396,9537,6315,8080,10788,17676,1203,369,289,248,228,69,4203,1111,945,800,1017,330,2950,439,600,564,987,360,2215,265,408,388,759,395,1695,160,295,314,583,343,1514,98,252,266,477,421,6036,162,801,1057,1554,2462,17674,40,481,1981,3399,11773,14906,6893,2244,2462,1784,1523
"2011","Blackpool","E06000009",116699,15517,16336,30123,27484,27239,61782,8160,12019,22791,16472,2340,54917,7357,4317,7332,11012,24899,1305,455,242,276,241,91,5494,1628,990,1050,1247,579,3451,572,516,706,1027,630,2442,252,367,454,825,544,2004,162,221,373,681,567,1888,69,229,315,630,645,7466,137,655,1132,1923,3619,22741,26,335,1876,3768,16736,8126,4056,762,1150,670,1488
"2011","Cheshire East","E06000049",304374,36262,38552,82346,75842,71372,182448,20626,32394,70751,50880,7797,121926,15636,6158,11595,24962,63575,2872,885,445,578,698,266,11099,2855,1378,1944,3355,1567,7549,789,812,1228,3051,1669,6036,427,568,906,2497,1638,4401,224,365,637,1788,1387,4194,111,291,553,1620,1619,17041,166,878,1961,4510,9526,52254,45,324,2550,6565,42770,16480,10134,1097,1238,878,3133
"2011","Cheshire West and Chester","E06000050",271473,35711,36881,71671,66110,61100,161037,20222,30628,60551,43756,5880,110436,15489,6253,11120,22354,55220,2945,1117,448,543,570,267,10781,3370,1465,1807,2854,1285,6931,941,855,1098,2562,1475,5070,473,552,794,1990,1261,3702,237,352,549,1457,1107,3620,135,307,527,1296,1355,14400,174,909,1819,3838,7660,47668,37,368,2576,6821,37866,15319,9005,997,1407,966,2944
"2011","Halton","E06000006",100819,14493,15807,26618,25420,18481,57771,7590,12258,21072,15402,1449,43048,6903,3549,5546,10018,17032,1078,384,214,223,203,54,3962,1025,727,761,1125,324,2600,366,474,499,883,378,1907,229,298,346,704,330,1443,144,196,252,525,326,1347,84,178,242,491,352,5264,105,552,931,1595,2081,17454,20,260,1340,3836,11998,7993,4546,650,952,656,1189
"2011","Warrington","E06000007",163477,22004,24688,46733,37838,32214,101235,12840,20312,39795,25454,2834,62242,9164,4376,6938,12384,29380,1666,531,278,360,364,133,6164,1751,952,1107,1624,730,4031,599,602,726,1355,749,3091,339,445,507,1096,704,2274,160,256,365,843,650,2167,101,225,349,717,775,8050,141,608,1122,2057,4122,25540,18,242,1489,3748,20043,9259,5524,768,913,580,1474
"2011","Cumbria","E10000006",416359,49475,51568,104813,107614,102889,245045,30877,42851,89360,71455,10502,171314,18598,8717,15453,36159,92387,3454,1069,562,667,777,379,15163,3714,1973,2385,4863,2228,9153,1055,1095,1337,3592,2074,7168,542,748,968,2888,2022,5793,264,493,747,2471,1818,5571,163,432,685,2144,2147,24384,247,1304,2528,6686,13619,79197,66,535,4227,11396,62973,21431,11478,1575,1909,1342,5127
"2011","Bolton","E08000001",219710,32353,35480,59583,49754,42540,123803,16296,26864,46895,30587,3161,95907,16057,8616,12688,19167,39379,2089,722,408,430,385,144,8413,2354,1538,1542,2102,877,5468,803,847,1036,1787,995,4364,479,633,741,1556,955,3565,316,468,582,1252,947,3127,122,330,539,1047,1089,12536,207,1261,1841,3245,5982,35676,49,540,2989,5990,26108,20669,11005,2591,2988,1803,2282
"2011","Bury","E08000002",147935,19812,23105,40848,34630,29540,88452,10441,18322,33881,22934,2874,59483,9371,4783,6967,11696,26666,1439,486,272,297,271,113,5305,1304,946,918,1478,659,3539,430,542,601,1228,738,2760,268,365,450,995,682,2186,119,269,316,837,645,2174,103,215,335,747,774,7793,118,607,1042,1866,4160,22738,36,267,1611,3455,17369,11549,6507,1300,1397,819,1526
"2011","Manchester","E08000003",405709,99697,101599,95073,61796,47544,214459,37554,73259,65717,34182,3747,191250,62143,28340,29356,27614,43797,7494,4241,1564,985,520,184,29010,16544,5743,3463,2389,871,12123,4356,2685,2074,2050,958,8624,2347,1930,1679,1747,921,5258,943,1279,1041,1237,758,4383,446,921,956,1112,948,15757,542,2656,3437,3634,5488,45428,111,1172,5786,9929,28430,63173,32613,10390,9935,4996,5239
"2011","Oldham","E08000004",174438,26433,29197,46624,39231,32953,96668,12620,20781,36333,24413,2521,77770,13813,8416,10291,14818,30432,1829,651,391,360,300,127,6900,1931,1351,1268,1685,665,4493,717,763,779,1427,807,3395,392,517,531,1190,765,2560,225,366,407,914,648,2329,116,263,345,812,793,9891,177,1155,1408,2346,4805,26991,48,586,2316,4340,19701,19382,9556,3024,2877,1804,2121
"2011","Rochdale","E08000005",166916,25474,27478,44618,38530,30816,91165,12069,19702,33814,23183,2397,75751,13405,7776,10804,15347,28419,1759,560,386,364,367,82,6785,1847,1303,1365,1669,601,4371,639,754,834,1416,728,3355,386,542,624,1164,639,2612,208,407,468,896,633,2475,137,311,423,839,765,9470,181,1091,1579,2370,4249,26506,40,448,2467,4796,18755,18418,9407,2534,2680,1830,1967
"2011","Salford","E08000006",188780,31722,38147,47749,37956,33206,107288,16585,28920,36254,22937,2592,81492,15137,9227,11495,15019,30614,2212,872,530,388,315,107,8557,2961,1889,1533,1546,628,5132,1013,973,985,1397,764,3823,609,731,674,1075,734,2751,285,470,503,900,593,2397,153,361,454,695,734,9301,211,1176,1568,2275,4071,29721,51,558,2789,5489,20834,17598,8982,2539,2601,1327,2149
"2011","Stockport","E08000007",229822,28515,33020,62151,55109,51027,137978,15946,27185,52433,37425,4989,91844,12569,5835,9718,17684,46038,2302,718,346,465,556,217,8291,2077,1255,1446,2383,1130,5628,619,725,1000,2053,1231,4404,370,516,673,1571,1274,3430,185,380,578,1238,1049,3222,90,279,452,1127,1274,12435,161,829,1598,2877,6970,37960,35,338,2091,4842,30654,14172,8314,1167,1415,1037,2239
"2011","Tameside","E08000008",176616,24946,27908,48360,41201,34201,102255,13170,21593,38948,26040,2504,74361,11776,6315,9412,15161,31697,1704,580,342,361,306,115,6679,1720,1112,1309,1781,757,4667,647,762,937,1487,834,3558,397,494,547,1298,822,2828,220,430,440,980,758,2549,123,322,412,845,847,10022,172,947,1514,2555,4834,28683,34,435,2287,4937,20990,13671,7883,1471,1605,972,1740
"2011","Trafford","E08000009",180754,22456,28774,52434,40817,36273,111465,12473,23867,43889,27790,3446,69289,9983,4907,8545,13027,32827,1782,581,315,391,359,136,6338,1579,1094,1290,1615,760,4129,480,567,858,1392,832,3198,260,403,603,1097,835,2472,132,245,461,922,712,2206,72,222,354,777,781,8986,96,668,1346,2124,4752,27939,24,231,1736,3789,22159,12239,6759,1162,1506,952,1860
"2011","Wigan","E08000010",257825,34851,39204,71832,60289,51649,150332,20079,31246,58458,37040,3509,107493,14772,7958,13374,23249,48140,2381,771,438,522,478,172,9291,2324,1666,1800,2553,948,6456,829,919,1234,2314,1160,5166,502,708,939,1884,1133,3948,288,496,673,1455,1036,3531,173,389,572,1238,1159,14171,210,1283,2125,3908,6645,46469,77,596,3640,8382,33774,16080,9598,1463,1869,1037,2113
"2011","Lancashire","E10000017",956956,141132,133592,243958,227081,211193,549137,74515,105920,202669,147129,18904,407819,66617,27672,41289,79952,192289,10388,4244,1582,1779,2061,722,39531,14272,5495,5730,9711,4323,23765,4105,3222,3864,8053,4521,18226,2198,2186,2669,6742,4431,14257,988,1586,1996,5552,4135,13207,594,1268,1792,4742,4811,53315,751,3983,6613,13796,28172,166714,191,1727,9668,24189,130939,68416,39274,6623,7178,5106,10235
"2011","Knowsley","E08000011",117225,17934,17395,30703,28179,23014,61932,8878,12730,22769,16266,1289,55293,9056,4665,7934,11913,21725,1234,417,224,280,244,69,4437,1336,816,875,1052,358,2820,428,516,604,870,402,2134,234,348,447,729,376,1475,150,256,291,437,341,1466,88,221,281,496,380,5672,127,713,1021,1506,2305,23306,48,365,2034,5150,15709,12749,6228,1206,2101,1429,1785
"2011","Liverpool","E08000012",388315,79776,73019,90984,79070,65466,197457,31901,52182,64535,44277,4562,190858,47875,20837,26449,34793,60904,6263,3342,1205,838,696,182,24044,12331,4375,3145,3134,1059,11497,3501,2284,1952,2604,1156,7814,1718,1587,1509,1988,1012,4985,656,991,997,1424,917,4586,357,782,909,1389,1149,16939,423,2236,3221,4424,6635,65398,125,1089,6342,14606,43236,49332,25422,6288,7536,4528,5558
"2011","Sefton","E08000014",226435,29243,28360,55321,56500,57011,122709,15697,22222,44503,35707,4580,103726,13546,6138,10818,20793,52431,2115,709,364,379,476,187,8523,2094,1352,1479,2550,1048,5735,727,795,1007,2111,1095,4206,329,548,680,1596,1053,3160,206,318,463,1175,998,3084,115,293,445,1132,1099,12871,127,823,1730,3310,6881,47326,62,389,2739,7108,37028,16706,9177,1256,1896,1335,3042
"2011","St. Helens","E08000013",143372,19297,20248,37564,34863,31400,78862,9969,15753,30021,20968,2151,64510,9328,4495,7543,13895,29249,1319,463,225,268,283,80,5034,1280,881,941,1441,491,3561,463,523,676,1301,598,2776,226,364,502,1072,612,2122,182,268,332,810,530,1932,118,225,327,722,540,7701,141,680,1185,2214,3481,28927,39,308,1913,5267,21400,11138,6416,1021,1399,785,1517
"2011","Wirral","E08000015",260498,33843,35051,66240,64398,60966,140681,17050,27026,52444,39508,4653,119817,16793,8025,13796,24890,56313,2553,751,451,510,612,229,9826,2313,1495,1805,3024,1189,6752,873,930,1194,2453,1302,4935,492,621,850,1815,1157,3807,254,477,659,1365,1052,3756,168,386,601,1361,1240,14766,232,1234,2122,3996,7182,52638,52,644,3665,8773,39504,20784,11658,1787,2390,1491,3458
"2011","East Riding of Yorkshire","E06000011",278333,31984,31004,70470,73420,71455,159885,18484,25585,60595,48583,6638,118448,13500,5419,9875,24837,64817,2511,799,305,501,620,286,10320,2617,1207,1617,3255,1624,6746,674,708,977,2797,1590,5467,336,523,777,2203,1628,4338,157,329,504,1816,1532,4044,95,242,465,1581,1661,17638,134,872,1686,4781,10165,51862,38,280,2211,6841,42492,15522,8650,953,1137,943,3839
"2011","Kingston upon Hull, City of","E06000010",208040,38366,37577,52827,43539,35731,111269,17567,26598,39045,25914,2145,96771,20799,10979,13782,17625,33586,2798,1191,568,549,382,108,10753,4118,2066,1929,1943,697,6764,1476,1317,1383,1783,805,4966,924,1014,930,1368,730,3603,463,618,693,1128,701,2926,231,499,520,888,788,11119,283,1555,1961,2676,4644,32210,70,676,3210,6050,22204,21632,12043,2666,2607,1407,2909
"2011","North East Lincolnshire","E06000012",129377,18788,18690,33072,30540,28287,71144,9578,13692,26234,19518,2122,58233,9210,4998,6838,11022,26165,1449,398,279,336,330,106,5500,1489,945,993,1412,661,3723,607,615,715,1168,618,2653,386,382,428,890,567,2016,183,277,319,680,557,1885,113,200,280,652,640,7885,184,909,1086,1819,3887,22911,38,374,1631,3446,17422,10211,5812,1017,1050,625,1707
"2011","North Lincolnshire","E06000013",136105,17545,19083,35415,34023,30039,78459,9613,14949,29349,22068,2480,57646,7932,4134,6066,11955,27559,1296,350,242,312,297,95,5044,1143,838,889,1537,637,3702,451,491,638,1336,786,2747,247,384,419,1011,686,2078,111,264,304,790,609,1909,84,211,267,677,670,7848,104,652,976,2164,3952,22944,33,235,1373,3425,17878,10078,5409,817,888,718,2246
"2011","York","E06000014",166275,31804,26711,39963,34382,33415,99183,15393,22328,34589,23936,2937,67092,16411,4383,5374,10446,30478,2405,1302,350,287,335,131,9970,5404,1238,997,1517,814,4560,1299,574,602,1248,837,3187,707,378,407,984,711,2219,229,232,322,861,575,1923,86,186,213,706,732,7806,114,474,863,1861,4494,24765,24,168,1079,2530,20964,10257,7246,783,604,404,1220
"2011","North Yorkshire","E10000023",494671,60047,58558,125600,127267,123199,301793,38740,49692,109312,89125,14924,192878,21307,8866,16288,38142,108275,4280,1269,602,803,1123,483,17758,4093,2169,3006,5536,2954,11455,1228,1248,1698,4377,2904,8938,629,878,1157,3503,2771,7036,307,536,888,2840,2465,6793,180,427,805,2500,2881,28138,236,1269,2933,6919,16781,84824,78,473,3465,10019,70789,23656,13287,1264,1533,1325,6247
"2011","Barnsley","E08000016",188335,24934,27239,50775,45377,40010,104015,13341,20930,40499,26749,2496,84320,11593,6309,10276,18628,37514,1522,490,275,369,295,93,6427,1694,1149,1301,1695,588,4689,694,711,857,1687,740,3749,383,529,673,1434,730,2807,213,377,480,1019,718,2646,156,368,405,935,782,10572,231,1013,1589,3102,4637,37575,47,472,2845,7485,26726,14333,7685,1415,1757,976,2500
"2011","Doncaster","E08000017",244909,34560,38064,63005,58139,51141,134460,17884,27795,49558,35659,3564,110449,16676,10269,13447,22480,47577,2653,895,552,557,467,182,9980,2658,1868,1880,2578,996,6524,941,1163,1265,2171,984,5180,626,866,842,1813,1033,3589,340,563,579,1254,853,3629,257,521,537,1260,1054,12856,302,1641,1929,3460,5524,45190,61,699,3218,7983,33229,20848,10596,2396,2640,1494,3722
"2011","Rotherham","E08000018",208018,28229,29755,54931,50261,44842,115323,14830,22342,44116,30976,3059,92695,13399,7413,10815,19285,41783,1886,634,343,405,402,102,7432,1812,1246,1465,2110,799,5666,749,792,998,2092,1035,4176,427,611,672,1526,940,3020,218,348,463,1158,833,2859,139,329,454,1028,909,11705,230,1137,1553,3113,5672,38076,38,476,2507,6465,28590,17875,9152,2131,2298,1391,2903
"2011","Sheffield","E08000019",452014,92266,74741,110828,88481,85698,245255,37543,55890,87831,57539,6452,206759,54723,18851,22997,30942,79246,7384,4457,1029,825,759,314,27594,15549,3676,3006,3664,1699,13325,3875,1978,2047,3401,2024,9258,1976,1339,1453,2601,1889,6377,799,843,1116,1961,1658,5734,398,665,911,1755,2005,21537,468,2237,3080,4509,11243,68631,128,875,4715,9531,53382,46919,27073,6209,5844,2761,5032
"2011","Bradford","E08000032",400121,63633,75631,105624,85841,69392,219947,28414,52620,80029,53307,5577,180174,35219,23011,25595,32534,63815,3906,1298,871,839,669,229,15594,4460,3381,3046,3393,1314,10180,1608,2066,1872,3170,1464,7559,990,1374,1324,2462,1409,5651,504,936,988,1942,1281,5097,290,796,866,1648,1497,20262,449,2867,2990,4822,9134,56074,117,1291,4628,8548,41490,55851,25503,9429,9042,5880,5997
"2011","Calderdale","E08000033",163645,21320,24464,45449,39940,32472,97063,11358,18945,37794,26114,2852,66582,9962,5519,7655,13826,29620,1549,408,293,358,364,126,6321,1563,1032,1181,1829,716,4317,535,664,749,1572,797,3266,320,429,506,1255,756,2480,191,290,347,966,686,2351,91,221,321,872,846,9332,131,779,1145,2348,4929,24860,35,356,1614,3610,19245,12106,6688,1455,1434,1010,1519
"2011","Kirklees","E08000034",336309,50759,54429,90199,76772,64150,193183,25036,40805,72835,49216,5291,143126,25723,13624,17364,27556,58859,3454,1237,668,688,622,239,13726,4283,2340,2241,3417,1445,8803,1466,1347,1539,2994,1457,6530,809,994,1012,2291,1424,5004,408,606,767,1872,1351,4565,212,524,605,1609,1615,18163,346,1820,2410,4292,9295,49893,72,752,3509,7351,38209,32988,16890,4573,4593,3108,3824
"2011","Leeds","E08000035",613992,115808,113316,152748,122522,109598,356677,54098,89667,124071,80012,8829,257315,61710,23649,28677,42510,100769,8743,4681,1300,1177,1152,433,34767,17948,5040,4182,5323,2274,17123,4346,2616,2810,4788,2563,12187,2300,1787,1942,3725,2433,8706,976,1184,1428,2904,2214,7672,464,945,1168,2450,2645,29984,610,2851,4273,6971,15279,85659,146,1130,5617,12070,66696,52474,30239,6796,6080,3127,6232
"2011","Wakefield","E08000036",265797,35507,39370,71871,63907,55142,152354,19722,30836,58686,39513,3597,113443,15785,8534,13185,24394,51545,2555,818,458,534,567,178,9484,2416,1685,1802,2517,1064,6435,856,1008,1186,2317,1068,5131,523,711,807,1969,1121,3977,259,488,631,1594,1005,3708,156,409,540,1402,1201,14481,248,1367,2098,4025,6743,48856,46,564,3381,8660,36205,18816,10463,1844,2206,1343,2960
"2011","Derby","E06000015",198076,33704,34774,52355,39574,37669,112844,16634,26487,41487,25488,2748,85232,17070,8287,10868,14086,34921,2364,1074,423,443,287,137,8797,3450,1657,1431,1538,721,5250,1170,864,932,1450,834,4135,702,629,751,1212,841,2813,314,439,512,915,633,2469,188,360,401,705,815,9813,223,1070,1601,2328,4591,30961,62,488,2357,4308,23746,18630,9887,2357,2440,1343,2603
"2011","Leicester","E06000016",260560,55856,54843,63135,49510,37216,137987,21336,38704,45572,29655,2720,122573,34520,16139,17563,19855,34496,3998,2073,860,568,395,102,15054,7248,3000,2170,1921,715,7294,2167,1478,1286,1594,769,5442,1188,1068,1037,1331,818,3804,534,734,759,1067,710,3107,275,585,610,844,793,12315,341,1940,2413,3101,4520,31006,72,760,3573,6070,20531,40553,20622,5714,5147,3532,5538
"2011","Nottingham","E06000018",250104,66497,48665,57588,41802,35552,123743,21449,33494,41616,24595,2589,126361,45048,15171,15972,17207,32963,5527,3439,849,696,425,118,21562,13785,3078,2186,1844,669,8336,3383,1588,1216,1431,718,5633,1652,1043,1019,1227,692,3558,721,691,590,875,681,2909,314,517,588,759,731,11172,393,1729,2060,2711,4279,32720,77,890,3597,5829,22327,34944,21284,4786,4020,2106,2748
"2011","Rutland","E06000017",30683,4005,3762,7473,7594,7849,18195,2052,3057,6519,5497,1070,12488,1953,705,954,2097,6779,254,83,32,45,58,36,1093,295,147,145,323,183,743,65,114,102,241,221,581,26,70,75,219,191,446,22,40,69,148,167,420,6,37,59,132,186,1770,11,104,186,425,1044,5172,4,39,166,506,4457,2009,1441,122,107,45,294
"2011","Derbyshire","E10000007",632900,78288,82243,171305,158173,142891,373959,45398,67340,144057,104507,12657,258941,32890,14903,27248,53666,130234,5784,1664,921,1246,1405,548,21535,4968,2909,4062,6466,3130,15449,1789,1877,2517,5836,3430,12324,1005,1312,1915,4861,3231,9679,537,936,1369,3771,3066,9172,326,876,1293,3245,3432,36328,437,2501,4695,9214,19481,112024,122,1062,6947,16738,87155,36646,22042,2509,3204,2130,6761
"2011","Leicestershire","E10000018",533108,76143,70190,142311,129027,115437,326438,39133,58828,124381,92419,11677,206670,37010,11362,17930,36608,103760,5801,2522,712,949,1127,491,22331,8874,2594,2955,5174,2734,13080,2015,1428,1895,4665,3077,10383,1084,1067,1380,3838,3014,7693,479,680,1012,2778,2744,7105,247,556,914,2341,3047,28696,311,1645,3126,6266,17348,80254,81,569,3807,9004,66793,31327,21397,2111,1892,1415,4512
"2011","Lincolnshire","E10000019",591775,76509,75757,145110,146548,147851,336468,43255,61641,121063,96187,14322,255307,33254,14116,24047,50361,133529,5818,2021,820,1140,1250,587,23536,7021,3039,3720,6286,3470,15150,2018,1761,2346,5385,3640,12008,1172,1365,1676,4378,3417,9441,540,886,1256,3513,3246,9123,296,707,1192,3144,3784,37945,399,2330,4199,9220,21797,107089,113,890,5533,14905,85648,35197,19674,2318,2985,2280,7940
"2011","Northamptonshire","E10000021",554081,73559,87650,156194,130642,106036,351099,42913,71901,132587,92092,11606,202982,30646,15749,23607,38550,94430,6146,2056,1146,1299,1153,492,21506,5752,3484,3849,5485,2936,14105,1685,1946,2485,4799,3190,11082,965,1430,1805,3887,2995,8335,493,1006,1271,2935,2630,7734,281,772,1191,2477,3013,30123,391,2354,4151,6703,16524,72888,87,841,4681,9353,57926,31063,18936,2770,2875,1758,4724
"2011","Nottinghamshire","E10000024",643480,82850,88500,172496,157187,142447,376997,46110,71085,144495,103191,12116,266483,36740,17415,28001,53996,130331,6112,1997,1001,1281,1307,526,23468,6244,3420,4131,6706,2967,15753,2219,2101,2595,5628,3210,12122,1156,1544,1900,4479,3043,9443,523,1045,1408,3550,2917,8973,345,886,1297,3205,3240,36070,447,2744,4707,9388,18784,114326,151,1215,6913,17418,88629,40216,23658,3459,3769,2315,7015
"2011","Herefordshire, County of","E06000019",151962,17854,19287,37263,38542,39016,91250,10751,16076,31708,27169,5546,60712,7103,3211,5555,11373,33470,1410,434,208,268,339,161,5373,1291,729,860,1500,993,3583,366,390,549,1283,995,2814,170,295,392,1031,926,2192,97,193,301,827,774,2091,57,158,261,690,925,8669,72,454,949,2059,5135,26333,25,177,1248,3123,21760,8247,4591,607,727,521,1801
"2011","Shropshire","E06000051",252979,31665,31024,63527,63464,63299,152309,18917,25826,54518,44446,8602,100670,12748,5198,9009,19018,54697,2155,686,320,364,494,291,8525,2016,1153,1453,2437,1466,5880,635,672,910,2153,1510,4717,356,467,691,1761,1442,3708,167,329,481,1420,1311,3498,113,268,421,1175,1521,14723,129,835,1619,3401,8739,42985,54,352,2089,5392,35098,14479,8592,802,981,785,3319
"2011","Stoke-on-Trent","E06000021",200642,32299,33985,51276,44264,38818,108538,15808,24855,39251,26122,2502,92104,16491,9130,12025,18142,36316,2299,883,479,454,379,104,8672,3247,1636,1435,1690,664,5255,1055,857,986,1573,784,4065,649,656,702,1272,786,3043,309,470,493,1066,705,2816,186,370,468,919,873,11516,270,1361,1746,2905,5234,36291,58,690,3365,6997,25181,18147,9834,2611,2376,1341,1985
"2011","Telford and Wrekin","E06000020",132440,20103,21222,36648,30378,24089,78624,10350,16309,29761,19932,2272,53816,9753,4913,6887,10446,21817,1624,700,260,286,254,124,5738,2021,918,985,1228,586,3620,553,617,624,1152,674,2743,302,406,464,902,669,2057,158,304,307,723,565,1953,102,299,330,555,667,7640,161,801,1214,1765,3699,18768,38,397,1677,3193,13463,9673,5718,911,1000,674,1370
"2011","Staffordshire","E10000028",698423,93472,92933,184341,170823,156854,414660,51684,75655,156786,115252,15283,283763,41788,17278,27555,55571,141571,6488,2215,1019,1248,1416,590,25933,7575,3596,4299,6935,3528,17712,2440,2102,2819,6322,4029,14348,1383,1618,2064,5351,3932,10637,712,1018,1443,3983,3481,9968,403,883,1315,3492,3875,39606,497,2668,4719,9535,22187,116446,124,1111,6287,16191,92733,42625,26439,3263,3361,2346,7216
"2011","Warwickshire","E10000031",447075,58631,64315,118884,105974,99271,273996,32356,53596,102424,74509,11111,173079,26275,10719,16460,31465,88160,4618,1673,724,865,928,428,17719,5316,2579,2786,4482,2556,11062,1601,1394,1731,3595,2741,8629,826,946,1217,2983,2657,6603,389,670,899,2342,2303,6205,203,567,826,2028,2581,24641,287,1500,2999,5379,14476,68006,67,543,3372,8324,55700,25596,15913,1796,1765,1404,4718
"2011","Birmingham","E08000025",828363,159430,164770,211598,154352,138213,425748,59620,111942,151181,91582,11423,402615,99810,52828,60417,62770,126790,10885,5061,2288,1910,1207,419,42251,18064,8457,6695,6193,2842,22721,5254,4744,4442,5370,2911,16626,2948,3463,3240,4259,2716,11537,1423,2229,2293,3212,2380,10497,822,1808,2020,2968,2879,40239,1048,6139,7546,8882,16624,114139,256,2809,10966,18540,81568,133720,64934,20891,21305,12139,14451
"2011","Coventry","E08000026",254106,50707,46390,62218,48541,46250,138142,20908,33659,48450,31285,3840,115964,29799,12731,13768,17256,42410,3580,1743,730,562,370,175,14104,6604,2589,2012,1972,927,6897,1810,1271,1130,1571,1115,5053,978,850,860,1342,1023,3755,452,626,667,1077,933,3268,237,440,563,938,1090,12813,283,1430,1844,2931,6325,35767,52,508,2541,5184,27482,30727,17640,4287,3589,1871,3340
"2011","Dudley","E08000027",253421,33840,36971,66894,57519,58197,142669,17748,28663,54074,37514,4670,110752,16092,8308,12820,20005,53527,2183,698,368,488,429,200,8650,2111,1416,1698,2256,1169,6561,792,929,1168,2172,1500,5213,480,655,828,1827,1423,3859,268,497,600,1312,1182,3704,180,397,574,1140,1413,15625,259,1392,2070,3348,8556,45520,54,636,3231,6169,35430,19437,11250,2018,2163,1352,2654
"2011","Sandwell","E08000028",241829,36975,44320,64977,48716,46841,129039,16875,31702,48637,28885,2940,112790,20100,12618,16340,19831,43901,2288,698,582,575,314,119,9158,2514,2018,1992,1868,766,6333,897,1212,1363,1893,968,4947,547,910,1066,1454,970,3763,325,666,760,1109,903,3405,189,538,629,934,1115,13823,318,1742,2371,3150,6242,40123,109,843,3612,6825,28734,28950,14503,4107,3972,2284,4084
"2011","Solihull","E08000029",167493,21967,21347,44269,40314,39596,98539,12034,17283,37526,27581,4115,68954,9933,4064,6743,12733,35481,1628,517,235,321,385,170,6021,1494,806,1109,1697,915,4088,495,497,652,1498,946,3035,219,355,458,1148,855,2439,143,229,311,895,861,2453,109,228,305,872,939,9494,130,647,1167,2147,5403,28900,30,235,1426,3418,23791,10896,6796,832,994,673,1601
"2011","Walsall","E08000030",213123,31581,33874,55496,46357,45815,112780,14480,23867,42516,28521,3396,100343,17101,10007,12980,17836,42419,1887,581,341,450,367,148,8096,2305,1493,1587,1836,875,5804,853,986,1113,1768,1084,4778,484,747,849,1591,1107,3599,329,542,631,1132,965,3141,226,443,485,885,1102,13240,276,1654,1850,2839,6621,36616,59,805,3029,5505,27218,23182,11988,2996,2986,1913,3299
"2011","Wolverhampton","E08000031",200047,31517,34383,52333,41185,40629,104765,13460,23959,39348,25104,2894,95282,18057,10424,12985,16081,37735,2118,674,501,507,329,107,8830,2737,1994,1733,1639,727,5508,934,1066,1117,1564,827,4405,592,838,929,1193,853,3037,344,536,543,887,727,2738,204,446,494,776,818,11504,240,1432,1864,2675,5293,34078,68,673,3023,5372,24942,23064,12264,2938,2775,1646,3441
"2011","Worcestershire","E10000034",465502,58357,61760,120656,115642,109087,280253,32952,50633,102932,80823,12913,185249,25405,11127,17724,34819,96174,4720,1592,727,897,1040,464,17680,4590,2466,2888,4993,2743,11882,1446,1313,1818,4304,3001,9022,796,949,1288,3246,2743,7172,397,683,987,2629,2476,6570,258,552,894,2096,2770,26815,299,1756,3097,6001,15662,75212,77,726,3700,8912,61797,26176,15950,1955,2155,1598,4518
"2011","Bedford","E06000055",125871,17912,20528,34137,28426,24868,76270,9228,16174,28149,20011,2708,49601,8684,4354,5988,8415,22160,1580,581,273,330,275,121,5460,1667,913,992,1161,727,3128,450,514,551,921,692,2419,277,350,377,776,639,1798,110,235,288,580,585,1618,52,193,258,479,636,6354,70,617,972,1317,3378,17720,27,208,1182,2211,14092,9524,5450,1051,1038,695,1290
"2011","Central Bedfordshire","E06000056",204602,25610,30105,59052,49946,39889,132767,15469,24727,51177,36492,4902,71835,10141,5378,7875,13454,34987,2045,598,331,430,467,219,7538,1691,1263,1402,2070,1112,5004,541,724,828,1737,1174,3864,260,491,618,1378,1117,2951,167,368,453,1006,957,2738,76,312,440,825,1085,10718,89,762,1458,2264,6145,26680,25,280,1544,3254,21577,10297,6694,847,702,453,1601
"2011","Luton","E06000032",156445,27450,34876,41400,28838,23881,89589,12798,24493,31413,18751,2134,66856,14652,10383,9987,10087,21747,1950,690,564,354,251,91,7196,2332,1826,1380,1130,528,3895,629,947,783,965,571,2874,447,595,563,710,559,2096,178,443,399,520,556,1772,97,334,326,425,590,7354,119,1088,1300,1452,3395,18094,35,407,1782,2594,13276,21625,10125,4179,3100,2040,2181
"2011","Peterborough","E06000031",144495,21541,29158,38880,30038,24878,88414,12099,22969,31179,20007,2160,56081,9442,6189,7701,10031,22718,1657,500,371,392,298,96,5492,1417,1195,1108,1198,574,3676,492,666,677,1185,656,2864,311,500,545,856,652,2046,179,347,334,684,502,1881,103,275,316,573,614,7289,163,857,1138,1581,3550,19117,40,360,1546,2728,14443,12059,6237,1618,1645,928,1631
"2011","Southend-on-Sea","E06000033",140621,17884,22905,38061,30973,30798,81899,10011,18144,30289,20342,3113,58722,7873,4761,7772,10631,27685,1415,417,278,334,263,123,5469,1341,993,1140,1276,719,3689,464,605,772,1176,672,2737,268,417,539,926,587,2089,135,294,369,698,593,2094,86,279,373,660,696,7957,111,692,1323,1814,4017,23677,31,289,1912,3087,18358,9595,5020,914,1010,731,1920
"2011","Thurrock","E06000034",123407,17544,22970,36293,26579,20021,77668,10284,18151,29606,17791,1836,45739,7260,4819,6687,8788,18185,1337,424,301,312,222,78,4864,1251,1014,1078,1047,474,3343,416,596,740,1037,554,2341,248,421,468,689,515,1763,139,295,336,576,417,1623,78,274,335,463,473,6297,109,785,1064,1627,2712,16033,30,256,1375,2618,11754,8138,4565,877,979,509,1208
"2011","Cambridgeshire","E10000003",508469,76238,83639,134950,113413,100229,318000,38670,68147,115860,82741,12582,190469,37568,15492,19090,30672,87647,5422,2077,945,976,922,502,22706,8729,3425,3183,4470,2899,12986,2480,1977,1974,3646,2909,9890,1415,1496,1449,2888,2642,7435,603,1116,1097,2224,2395,6565,301,704,1037,1932,2591,25707,365,2018,3491,5317,14516,67207,71,607,3970,7816,54743,32551,21527,3204,1913,1457,4450
"2011","Essex","E10000012",1133721,147350,158814,300647,271477,255433,680183,86792,129512,249710,185962,28207,453538,60558,29302,50937,85515,227226,11056,3550,1744,2292,2435,1035,41088,10333,6095,7683,10958,6019,27790,3365,3799,4884,9512,6230,21945,1850,2803,3653,7727,5912,17095,903,1963,2771,6054,5404,15977,546,1636,2457,5333,6005,65284,702,4808,9603,15079,35092,188683,220,1760,12418,24730,149555,64620,39089,4694,5176,3687,11974
"2011","Hertfordshire","E10000015",892538,120022,144611,254646,199344,173915,568664,66000,120304,215366,145309,21685,323874,54022,24307,39280,54035,152230,9314,3321,1484,1934,1754,821,33675,9552,5362,6410,7764,4587,21012,2904,3246,4141,6300,4421,15813,1458,2233,2989,5048,4085,11800,800,1453,2226,3639,3682,10836,373,1244,1917,3197,4105,44058,535,3465,7486,9194,23378,123214,151,1189,8098,14357,99419,54152,34928,4631,4079,2782,7732
"2011","Norfolk","E10000020",712903,92177,95249,169113,171133,185231,400317,52804,76040,139651,113248,18574,312586,39373,19209,29462,57885,166657,7199,2559,1160,1280,1496,704,29071,8692,3986,4531,7488,4374,18339,2657,2374,2745,6060,4503,14268,1392,1810,2065,4847,4154,11802,725,1243,1531,4313,3990,11293,426,1033,1456,3797,4581,45272,580,3087,5081,10450,26074,135592,118,1210,7414,17051,109799,39750,22224,3306,3359,2383,8478
"2011","Suffolk","E10000029",595261,74545,83596,148687,143394,145039,354346,45914,68229,125296,99093,15814,240915,28631,15367,23391,44301,129225,5617,1609,1050,1130,1207,621,21712,5116,3299,3756,5922,3619,14721,1644,2129,2317,5026,3605,11687,993,1398,1775,4029,3492,9167,528,980,1207,3375,3077,8720,284,893,1096,2762,3685,35291,396,2374,4261,7823,20437,102988,104,893,5387,12552,84052,31012,17957,2351,2462,1605,6637
"2011","Camden","E09000007",184873,32581,50350,48390,29575,23977,110168,10554,40105,35889,18575,5045,74705,22027,10245,12501,11000,18932,2474,1047,637,425,214,151,11203,5110,2650,1695,1082,666,4860,1411,1087,1004,817,541,3198,627,762,692,621,496,2074,207,437,515,474,441,1695,84,281,405,447,478,6828,116,789,1772,1467,2684,17896,37,348,2469,3796,11246,24477,13388,3254,3524,2082,2229
"2011","City of London","E09000001",6755,709,1776,1825,1410,1035,4785,353,1567,1607,1028,230,1970,356,209,218,382,805,73,14,29,12,13,5,237,57,61,48,48,23,130,16,22,29,37,26,103,8,20,13,32,30,92,7,12,13,24,36,54,1,3,9,21,20,227,2,16,29,67,113,654,0,3,30,110,511,400,251,43,35,30,41
"2011","Hackney","E09000012",195145,32357,63915,53826,27652,17395,119051,13564,50235,37776,15405,2071,76094,18793,13680,16050,12247,15324,2751,819,994,604,250,84,9312,2834,3063,2013,1014,388,4610,858,1386,1217,793,356,3161,512,830,881,640,298,2048,192,531,574,428,323,1628,99,378,474,382,295,6572,149,1207,1860,1485,1871,16156,48,479,2652,3863,9114,29856,13282,4812,5775,3392,2595
"2011","Hammersmith and Fulham","E09000013",152863,23645,48029,42265,22511,16413,100148,11116,40384,31965,13988,2695,52715,12529,7645,10300,8523,13718,2063,675,666,439,202,81,7087,2455,1874,1452,831,475,3557,809,828,855,635,430,2560,406,597,654,551,352,1720,196,354,478,384,308,1384,73,237,372,323,379,5384,98,581,1559,1238,1908,13292,42,245,1933,2857,8215,15668,7775,2263,2558,1502,1570
"2011","Haringey","E09000014",202856,30139,56601,60475,33272,22369,124845,12107,44348,44459,20921,3010,78011,18032,12253,16016,12351,19359,2842,895,981,587,274,105,9782,2939,2787,2160,1276,620,4682,793,1244,1187,933,525,3125,378,746,827,723,451,2172,184,484,583,538,383,1848,84,352,518,428,466,7292,110,930,1934,1633,2685,17850,47,392,2296,3611,11504,28418,12602,4337,5924,2935,2620
"2011","Islington","E09000019",173300,29418,54611,45933,25302,18036,107255,11857,44408,33348,15154,2488,66045,17561,10203,12585,10148,15548,2337,914,679,436,213,95,9279,3761,2557,1587,966,408,4194,1021,1051,934,755,433,2760,497,661,667,551,384,1905,209,441,495,429,331,1582,104,320,448,357,353,6129,164,948,1677,1340,2000,16257,40,435,2656,3616,9510,21602,10851,3111,3685,1921,2034
"2011","Kensington and Chelsea","E09000020",134267,16660,34947,38208,25337,19115,82386,5716,28304,28040,15938,4388,51881,10944,6643,10168,9399,14727,1510,384,481,346,187,112,5942,1624,1656,1295,828,539,3153,502,770,827,615,439,2310,244,511,635,543,377,1623,105,318,513,353,334,1370,60,211,404,294,401,5867,92,621,1828,1280,2046,14604,38,177,2131,3702,8556,15502,7895,1898,2189,1597,1923
"2011","Lambeth","E09000022",248300,37805,80140,71183,35985,23187,167205,19068,67246,54869,22930,3092,81095,18737,12894,16314,13055,20095,3174,888,1110,701,339,136,11089,3248,3176,2586,1515,564,5417,977,1414,1456,1033,537,3728,591,855,988,798,496,2462,280,522,687,580,393,2240,123,465,597,571,484,8837,209,1227,2287,2021,3093,19325,61,491,2830,4080,11863,24823,12360,3634,4182,2118,2529
"2011","Lewisham","E09000023",218749,33811,55128,66613,37062,26135,136570,14872,43127,51456,24195,2920,82179,18939,12001,15157,12867,23215,2890,972,767,665,353,133,10740,3315,2732,2456,1597,640,5432,1055,1268,1404,1155,550,3883,534,965,928,906,550,2637,237,581,622,703,494,2250,149,408,583,562,548,8562,223,1236,2041,1895,3167,21813,66,455,2552,3910,14830,23972,12388,3589,3906,1786,2303
"2011","Newham","E09000025",238090,48908,72332,62186,34071,20593,132787,19805,50025,42228,19035,1694,105303,29103,22307,19958,15036,18899,3209,1154,1113,606,276,60,11887,3863,4029,2315,1281,399,5602,1223,1740,1337,916,386,3764,665,1052,906,757,384,2387,276,643,634,508,326,2072,155,507,517,519,374,7676,208,1606,1919,1790,2153,18431,76,660,2689,4203,10803,50275,21483,10957,9035,4786,4014
"2011","Southwark","E09000028",234901,39978,68022,68346,36226,22329,147995,15979,54337,52145,22787,2747,86906,23999,13685,16201,13439,19582,3305,1219,967,724,303,92,12965,4790,3431,2713,1476,555,6201,1488,1513,1585,1129,486,4000,782,932,1004,824,458,2541,305,543,662,628,403,2183,183,375,578,571,476,8065,213,1141,2138,1879,2694,19618,52,456,2834,4373,11903,28028,14967,4327,3963,2256,2515
"2011","Tower Hamlets","E09000030",203953,42781,73185,48995,23422,15570,121244,18673,56183,33273,11645,1470,82709,24108,17002,15722,11777,14100,2895,1219,1045,442,141,48,10671,4449,3351,1779,827,265,4722,1331,1536,1002,589,264,3161,710,981,760,499,211,2171,372,693,536,380,190,1620,165,487,408,337,223,6353,205,1590,1722,1414,1422,14631,36,632,2447,3527,7989,36485,15621,6687,6626,4063,3488
"2011","Wandsworth","E09000032",255989,33861,88957,70163,36097,26911,179439,17658,78288,55468,24009,4016,76550,16203,10669,14695,12088,22895,2980,978,899,641,311,151,10319,3280,2840,2197,1338,664,5165,951,1186,1307,1073,648,3767,510,792,1000,856,609,2615,219,536,760,609,491,2148,121,339,585,521,582,8694,207,1013,2297,1889,3288,20891,53,351,2560,3924,14003,19971,9884,2713,3348,1567,2459
"2011","Westminster","E09000033",186812,25911,54219,51383,30785,24514,112518,9045,42349,36980,18865,5279,74294,16866,11870,14403,11920,19235,2020,584,672,417,239,108,9064,2561,2971,1815,1022,695,4363,741,1229,1090,789,514,3122,404,742,799,679,498,2024,164,416,581,471,392,1907,90,378,518,450,471,7195,105,928,1922,1565,2675,17561,36,325,2367,3893,10940,27038,12181,4209,4894,2812,2942
"2011","Barking and Dagenham","E09000002",137613,23104,30212,40438,24538,19321,75493,9561,20328,29163,14949,1492,62120,13543,9884,11275,9589,17829,1621,584,401,389,176,71,6080,1638,1728,1365,972,377,3722,606,929,951,819,417,2806,400,733,665,633,375,1924,209,488,460,458,309,1664,134,374,406,397,353,6367,171,1220,1371,1424,2181,18249,40,519,2485,3318,11887,19687,9761,3492,3183,1392,1859
"2011","Barnet","E09000003",282152,40143,61596,77672,55309,47432,172470,16847,48131,60637,38687,8168,109682,23296,13465,17035,16622,39264,3206,1032,869,652,433,220,11621,3242,2833,2332,1980,1234,6392,944,1404,1472,1476,1096,4665,493,979,1057,1175,961,3293,231,616,744,908,794,3008,115,452,671,799,971,12158,148,1313,2549,2483,5665,32305,79,453,3030,4854,23889,33034,17012,4546,4528,2514,4434
"2011","Bexley","E09000004",184431,27309,28514,50667,40729,37212,110680,14464,22575,41825,28410,3406,73751,12845,5939,8842,12319,33806,1969,678,345,417,380,149,6848,1937,1195,1285,1595,836,4384,652,706,856,1339,831,3362,367,507,625,1044,819,2515,190,351,424,839,711,2368,105,264,412,727,860,9666,148,895,1533,2034,5056,28516,48,382,1966,3534,22586,14123,8720,1294,1324,827,1958
"2011","Brent","E09000005",248458,39066,64888,66644,45184,32676,148292,16051,49690,49373,28916,4262,100166,23015,15198,17271,16268,28414,2956,899,954,626,323,154,11471,3240,3154,2419,1833,825,5837,1015,1454,1361,1317,690,4070,499,933,910,1053,675,2764,208,549,628,753,626,2543,129,423,542,689,760,9580,167,1122,2005,2340,3946,23084,67,419,2279,4504,15815,37861,16791,6190,6501,3456,4923
"2011","Bromley","E09000006",248806,30213,38951,71380,56225,52037,152363,15974,31972,59085,39417,5915,96443,14239,6979,12295,16808,46122,2387,664,460,549,471,243,8976,1939,1473,1871,2379,1314,5755,645,828,1176,1877,1229,4293,325,580,880,1414,1094,3473,185,407,669,1175,1037,3147,127,348,548,940,1184,12859,125,1089,2291,2820,6534,39299,47,388,2756,4866,31242,16254,10182,1406,1555,866,2245
"2011","Croydon","E09000008",284268,42245,56334,82325,58989,44375,173926,19232,43583,64948,40917,5246,110342,23013,12751,17377,18072,39129,3129,938,704,771,526,190,11757,3050,2575,2639,2386,1107,6877,1130,1357,1532,1791,1067,5273,674,918,1145,1524,1012,3898,337,620,813,1184,944,3433,216,502,683,943,1089,13134,296,1611,2504,2888,5835,33307,90,688,3214,4820,24495,29534,16282,3776,4076,2010,3390
"2011","Ealing","E09000009",269572,39202,67575,76746,49822,36227,165800,16976,52994,58393,32896,4541,103772,22226,14581,18353,16926,31686,2820,910,751,643,377,139,10739,2891,2825,2314,1826,883,5988,1001,1353,1420,1441,773,4639,542,1030,1117,1195,755,3046,235,564,724,833,690,2844,123,448,676,793,804,10534,169,1207,2306,2521,4331,26611,66,438,2704,4732,18671,36551,16289,5965,6449,3208,4640
"2011","Enfield","E09000010",242465,37984,49086,68953,47609,38833,138390,15470,35587,51052,31763,4518,104075,22514,13499,17901,15846,34315,2626,949,539,620,366,152,10161,2978,2401,2161,1730,891,5910,1058,1214,1401,1360,877,4431,577,964,974,1118,798,3094,250,646,658,778,762,2902,185,466,609,743,899,11063,224,1448,2162,2415,4814,29818,84,593,2980,4647,21514,34070,16209,5228,6336,2689,3608
"2011","Greenwich","E09000011",199163,32908,47326,57506,35307,26116,118330,14310,35591,43276,22384,2769,80833,18598,11735,14230,12923,23347,2483,921,582,534,322,124,9829,3040,2443,2203,1492,651,5398,999,1230,1296,1199,674,3615,541,816,868,843,547,2575,273,564,619,633,486,2251,148,403,505,594,601,8698,223,1334,1971,1925,3245,21959,69,534,2540,4072,14744,24025,12384,3829,3694,1843,2275
"2011","Harrow","E09000015",190998,28039,38953,50088,40251,33667,114755,11953,30550,39600,28055,4597,76243,16086,8403,10488,12196,29070,2016,616,471,464,321,144,7573,2067,1742,1382,1580,802,4153,648,827,776,1168,734,3123,367,569,576,908,703,2242,183,356,462,645,596,2056,89,282,412,593,680,8296,96,662,1518,1986,4034,22062,43,238,1542,3098,17141,24722,11977,3256,3356,1897,4236
"2011","Havering","E09000016",192844,27202,29146,49464,44755,42277,113551,15327,23294,40568,30435,3927,79293,11875,5852,8896,14320,38350,1832,584,333,375,394,146,7036,1799,1243,1258,1822,914,4598,606,727,834,1553,878,3485,323,489,565,1248,860,2759,183,350,414,962,850,2516,116,294,376,824,906,10366,157,927,1631,2321,5330,33740,28,399,2334,4407,26572,12961,8079,1090,1109,789,1894
"2011","Hillingdon","E09000017",217043,37570,42385,59032,42878,35178,130973,16954,32426,47759,29907,3927,86070,20616,9959,11273,12971,31251,2472,1023,507,448,340,154,10043,3843,2037,1572,1660,931,5265,1049,962,985,1391,878,3787,542,737,753,1009,746,2751,249,505,508,754,735,2525,110,356,438,749,872,9756,205,1016,1730,2088,4717,25520,40,435,1984,3505,19556,23951,13555,3404,2855,1475,2662
"2011","Hounslow","E09000018",202424,30325,51696,55992,37552,26859,127613,14034,40603,44190,25498,3288,74811,16291,11093,11802,12054,23571,2207,675,644,476,285,127,8439,2460,2160,1772,1381,666,4677,818,1071,912,1160,716,3394,461,759,707,840,627,2420,211,536,528,639,506,2110,104,406,432,574,594,8309,171,1146,1678,1813,3501,19803,57,394,1886,3402,14064,23452,11334,3977,3411,1960,2770
"2011","Kingston upon Thames","E09000021",129790,21570,25714,36690,25458,20358,82434,9765,21206,30391,18415,2657,47356,11805,4508,6299,7043,17701,1643,707,307,297,220,112,6591,2934,1098,940,1055,564,3193,776,525,593,797,502,2324,453,344,465,618,444,1528,170,235,307,394,422,1307,63,158,257,379,450,5321,81,461,1060,1135,2584,14281,34,163,1063,1802,11219,11168,6587,1217,1317,643,1404
"2011","Merton","E09000024",160840,20719,40781,46798,29420,23122,105369,10065,33949,37717,20623,3015,55471,10654,6832,9081,8797,20107,1733,492,471,401,259,110,6226,1515,1564,1315,1230,602,3408,471,718,802,869,548,2467,240,491,597,658,481,1899,147,355,446,493,458,1695,73,236,389,461,536,6611,115,651,1505,1379,2961,17089,36,249,1522,2451,12831,14343,7565,2097,2104,997,1580
"2011","Redbridge","E09000026",216112,33142,47749,58857,42979,33385,125362,13290,35346,44785,28118,3823,90750,19852,12403,14072,14861,29562,2216,689,616,451,333,127,8379,2238,2084,1660,1664,733,4937,725,1141,1007,1338,726,3477,372,763,764,945,633,2702,183,491,613,787,628,2386,102,441,509,673,661,9161,154,1127,1899,2183,3798,25410,73,409,2313,4010,18605,32082,15316,5331,4856,2928,3651
"2011","Richmond upon Thames","E09000027",150052,16264,28572,47906,32014,25296,99916,7821,24668,40158,23215,4054,50136,8443,3904,7748,8799,21242,1673,555,313,375,290,140,5921,1637,1023,1312,1237,712,3161,405,463,741,913,639,2498,193,363,566,763,613,1867,105,214,429,561,558,1720,47,170,418,452,633,6766,53,452,1609,1507,3145,17771,22,147,1460,2505,13637,8759,5426,759,838,571,1165
"2011","Sutton","E09000029",152158,19674,27488,45078,32685,27233,98207,10813,22795,37731,23573,3295,53951,8861,4693,7347,9112,23938,1406,431,260,319,267,129,5218,1205,1004,1079,1219,711,3411,430,560,679,1006,736,2565,247,370,477,840,631,1936,120,272,365,630,549,1773,66,243,313,526,625,7120,90,674,1308,1496,3552,19936,27,279,1583,2457,15590,10586,6245,1031,1224,671,1415
"2011","Waltham Forest","E09000031",203131,32789,50676,58695,35405,25566,121461,13975,37429,44748,22779,2530,81670,18814,13247,13947,12626,23036,2403,764,737,513,283,106,9000,2544,2657,1852,1393,554,4674,796,1232,1048,1042,556,3553,492,862,785,836,578,2412,214,614,549,560,475,2128,118,434,446,526,604,8240,279,1289,1774,1794,3104,20721,74,439,2251,3587,14370,28539,13533,4983,4729,2605,2689
"2011","Bracknell Forest","E06000036",89743,11972,16135,27398,20091,14147,62184,7512,13853,23864,15119,1836,27559,4460,2282,3534,4972,12311,904,278,164,215,188,59,3044,696,500,659,800,389,2032,212,306,363,714,437,1486,130,240,271,488,357,1112,62,161,204,341,344,1028,26,124,196,289,393,4127,51,352,674,831,2219,9415,12,112,681,1100,7510,4411,2993,323,271,221,603
"2011","Brighton and Hove","E06000043",229024,43541,44957,64137,40697,35692,140638,19383,36686,52652,27671,4246,88386,24158,8271,11485,13026,31446,3858,2167,689,534,310,158,13989,7516,2259,1779,1570,865,6056,1710,1033,1214,1262,837,4100,929,660,809,975,727,2711,306,366,604,771,664,2583,151,345,500,741,846,9810,204,971,1984,2210,4441,28236,56,351,2642,4284,20903,17043,11119,1597,1419,903,2005
"2011","Isle of Wight","E06000046",115589,13244,13030,26853,29508,32954,59735,6992,9917,21269,18555,3002,55854,6252,3113,5584,10953,29952,950,273,120,177,265,115,5251,1423,705,865,1450,808,3166,372,399,572,1117,706,2592,235,265,453,923,716,2099,127,235,303,767,667,1996,94,175,277,689,761,8369,125,513,1000,2141,4590,24861,25,190,1317,3218,20111,6570,3578,511,620,383,1478
"2011","Medway","E06000035",210511,34614,34827,56774,47291,37005,127127,18090,27210,46152,32112,3563,83384,16524,7617,10622,15179,33442,2368,900,420,436,438,174,9061,3011,1466,1631,2000,953,5886,1048,953,1030,1719,1136,4226,552,676,758,1326,914,3185,264,480,534,1060,847,2895,146,360,508,860,1021,11385,219,1317,1882,2604,5363,28365,45,499,2458,4322,21041,16013,10339,1446,1385,850,1993
"2011","Milton Keynes","E06000042",193429,25565,40556,56518,43279,27511,128238,14973,32483,46860,30759,3163,65191,10592,8073,9658,12520,24348,2491,765,539,614,429,144,8144,1960,1678,1710,1960,836,4883,566,981,1025,1468,843,3683,323,691,765,1139,765,2714,210,485,493,850,676,2512,128,398,408,783,795,9122,157,1098,1547,2143,4177,19693,34,381,1629,3018,14631,11949,6449,1822,1467,730,1481
"2011","Portsmouth","E06000044",167256,36423,30851,41512,31058,27412,97004,16037,24083,33573,20839,2472,70252,20386,6768,7939,10219,24940,2897,1749,396,333,300,119,11248,6575,1373,1245,1355,700,5327,1704,1023,816,1115,669,3460,787,596,570,883,624,2335,301,364,366,717,587,1945,126,267,343,579,630,7900,184,956,1340,1726,3694,21240,29,312,1699,2881,16319,13900,8931,1481,1227,663,1598
"2011","Reading","E06000038",125582,22728,30357,33172,21493,17832,80199,11196,24686,27233,15012,2072,45383,11532,5671,5939,6481,15760,2010,1017,410,316,186,81,6648,3121,1222,929,905,471,3385,767,718,611,769,520,2320,436,443,438,559,444,1589,202,297,328,403,359,1311,70,214,256,337,434,5148,118,656,951,1066,2357,12923,16,253,1039,1613,10002,10049,5785,1458,1071,643,1092
"2011","Slough","E06000039",106645,16393,27552,30694,19182,12824,67557,7980,21077,24293,12831,1376,39088,8413,6475,6401,6351,11448,1223,406,318,280,157,62,4415,1311,1137,912,722,333,2629,420,671,580,639,319,1793,228,484,381,420,280,1326,99,322,274,360,271,1154,62,229,236,333,294,4389,91,750,882,1030,1636,9440,27,232,948,1549,6684,12719,5769,2332,1908,1141,1569
"2011","Southampton","E06000045",195534,44787,40385,45085,34501,30776,113043,19661,31359,36015,23010,2998,82491,25126,9026,9070,11491,27778,3351,1946,516,446,307,136,14420,8707,2064,1431,1440,778,5913,1924,1028,893,1281,787,4034,1041,755,559,909,770,2616,398,470,433,681,634,2309,224,390,396,623,676,8920,238,1172,1452,1901,4157,23715,47,395,1855,3431,17987,17213,10601,2236,1605,918,1853
"2011","West Berkshire","E06000037",122731,14879,17812,36190,30224,23626,82149,9276,15397,31413,22679,3384,40582,5603,2415,4777,7545,20242,1143,338,158,254,262,131,4213,871,523,878,1229,712,2770,234,343,495,946,752,2158,149,244,366,713,686,1634,82,163,278,573,538,1456,50,129,233,432,612,6067,63,388,920,1306,3390,15447,19,132,978,1802,12516,5694,3797,335,375,282,905
"2011","Windsor and Maidenhead","E06000040",115900,13606,18519,33466,26232,24077,74499,7666,15790,28602,19082,3359,41401,5940,2729,4864,7150,20718,1047,309,202,206,219,111,4131,964,606,839,1069,653,2654,253,374,547,834,646,1875,128,248,364,617,518,1476,65,158,267,474,512,1469,42,129,275,467,556,5957,37,386,915,1299,3320,16014,23,148,920,1764,13159,6778,4119,478,531,407,1243
"2011","Wokingham","E06000041",123010,14867,17853,36739,29762,23789,81786,9124,15393,32076,22200,2993,41224,5743,2460,4663,7562,20796,1287,427,173,255,300,132,4397,1052,562,826,1215,742,2766,241,329,470,1027,699,2000,121,223,356,686,614,1646,56,134,297,571,588,1512,22,114,261,462,653,6124,38,325,899,1291,3571,15626,10,121,799,1677,13019,5866,3776,479,500,333,778
"2011","Buckinghamshire","E10000002",403234,50416,57526,113942,97199,84151,256783,28571,47923,97331,71567,11391,146451,21845,9603,16611,25632,72760,4231,1410,646,826,889,460,14669,3692,2077,2665,3816,2419,8993,1038,1153,1598,2945,2259,6911,508,820,1194,2331,2058,5223,257,523,914,1662,1867,4998,140,432,838,1475,2113,20894,169,1352,3053,4297,12023,56068,46,500,3411,6590,45521,24464,14585,2100,2112,1627,4040
"2011","East Sussex","E10000011",435515,51668,50597,105383,108104,119763,241553,29081,40280,86351,72697,13144,193962,22587,10317,19032,35407,106619,4087,1276,573,768,910,560,16495,4149,2121,2810,4576,2839,10655,1162,1231,1827,3770,2665,8621,655,944,1386,3114,2522,6736,340,625,956,2478,2337,6634,199,547,938,2152,2798,28039,335,1721,3514,6600,15869,87111,80,683,4704,10212,71432,25584,14391,1872,2129,1595,5597
"2011","Hampshire","E10000014",1071383,134456,145048,288945,259562,243372,669611,83548,122667,249237,186568,27591,401772,50908,22381,39708,72994,215781,10616,3485,1496,1979,2442,1214,38608,9461,4995,6603,10977,6572,25047,2761,2984,4089,8750,6463,19409,1454,2072,3005,6738,6140,15637,778,1590,2351,5489,5429,14585,445,1217,1998,4750,6175,58354,528,3602,7329,12554,34341,167122,156,1218,8547,18491,138710,52394,31840,3207,3807,2803,10737
"2011","Kent","E10000016",1180186,164730,165931,309810,277409,262306,692749,88080,132927,255228,188467,28047,487437,76650,33004,54582,88942,234259,12325,4574,1858,2282,2455,1156,47953,14138,6974,8374,11853,6614,30051,4280,4180,5231,9751,6609,23145,2365,3002,3874,7761,6143,17880,1112,1980,2875,6186,5727,16976,719,1649,2673,5302,6633,68248,884,5359,9913,15429,36663,192379,248,1988,12893,25569,151681,78480,48330,6014,6467,4636,13033
"2011","Oxfordshire","E10000025",531558,82251,90461,139842,115262,103742,336930,41044,73783,120793,86491,14819,194628,41207,16678,19049,28771,88923,6532,2860,1159,932,993,588,26135,10878,4353,3289,4449,3166,13271,2657,2179,2005,3422,3008,9571,1457,1411,1430,2613,2660,7102,605,999,1103,2044,2351,6387,275,735,924,1759,2694,25353,394,1971,3470,4881,14637,66599,63,605,3769,7143,55019,33678,22018,3266,2127,1467,4800
"2011","Surrey","E10000030",913899,115417,134013,258419,211584,194466,578900,63692,113396,220512,154941,26359,334999,51725,20617,37907,56643,168107,9323,3307,1419,1753,1877,967,34339,9891,4788,6001,8412,5247,20843,2715,2691,3779,6559,5099,15652,1343,1859,2797,5031,4622,11866,564,1282,2234,3788,3998,11174,312,1027,2025,3408,4402,45566,405,2865,7461,9389,25446,133721,132,947,8111,15387,109144,52515,33056,3739,3746,2792,9182
"2011","West Sussex","E10000032",661937,77498,90118,171186,156560,166575,397884,47379,75224,145758,110820,18703,264053,30119,14894,25428,45740,147872,6375,2074,923,1285,1381,712,23684,6002,3265,4005,6321,4091,15765,1668,1989,2658,5401,4049,12319,880,1385,1931,4345,3778,9747,454,934,1388,3433,3538,9195,250,780,1315,2869,3981,37977,310,2315,4752,8278,22322,116309,97,803,5520,11894,97995,32682,18384,2500,2574,1818,7406
"2011","Bath and North East Somerset","E06000022",146439,27206,19619,35746,32051,31817,85473,12137,16256,30301,23135,3644,60966,15069,3363,5445,8916,28173,2082,1176,222,281,267,136,9278,5436,899,895,1248,800,3722,983,401,514,1033,791,2664,377,305,381,873,728,1968,170,208,299,646,645,2008,62,191,302,643,810,7230,102,411,1005,1509,4203,22508,25,156,1242,2353,18732,9506,6738,570,526,344,1328
"2011","Bournemouth","E06000028",155224,26788,29244,37045,29836,32311,89720,13485,23877,29532,19735,3091,65504,13303,5367,7513,10101,29220,2377,1234,369,370,285,119,9699,5122,1378,1223,1264,712,4159,1033,678,706,1021,721,2984,482,469,553,845,635,2232,181,290,394,716,651,2056,75,258,357,626,740,7596,92,659,1228,1728,3889,25043,36,240,1711,3038,20018,9358,5048,1026,971,578,1735
"2011","Bristol, City of","E06000023",349653,67004,77170,85818,63789,55872,210925,31371,62573,68410,43011,5560,138728,35633,14597,17408,20778,50312,5344,2706,945,804,622,267,21233,10951,3415,2686,2759,1422,9605,2637,1711,1619,2180,1458,6857,1482,1178,1107,1714,1376,4768,611,778,846,1331,1202,4119,303,629,753,1061,1373,15435,478,1888,2671,3254,7144,43329,80,767,3650,6207,32625,28038,16385,3286,3272,1650,3445
"2011","Cornwall","E06000052",442332,53627,53075,105382,115007,115241,246549,29594,42604,87144,74895,12312,195783,24033,10471,18238,40112,102929,4117,1451,568,782,900,416,20071,6601,2492,2940,5233,2805,11449,1494,1391,1745,4215,2604,8916,806,1009,1282,3331,2488,7259,339,703,951,2855,2411,6981,207,544,979,2590,2661,28335,306,1691,3140,7612,15586,84710,63,611,4488,11916,67632,23945,12766,1462,1931,1460,6326
"2011","Isles of Scilly","E06000053",1857,145,262,475,469,506,1344,124,244,449,391,136,513,21,18,26,78,370,13,2,0,4,4,3,72,10,7,8,20,27,32,2,5,2,7,16,9,0,0,0,6,3,22,0,1,5,6,10,23,0,1,0,6,16,67,0,2,2,12,51,253,0,2,4,15,232,22,7,0,1,2,12
"2011","North Somerset","E06000024",165914,18421,21054,42999,40807,42633,98256,11470,17562,36616,28078,4530,67658,6951,3492,6383,12729,38103,1548,449,226,303,367,203,5798,1278,780,969,1737,1034,4170,455,437,669,1534,1075,3237,225,326,450,1197,1039,2497,107,229,349,902,910,2353,83,162,312,781,1015,9850,88,596,1182,2285,5699,30466,19,219,1500,3463,25265,7739,4247,517,649,463,1863
"2011","Plymouth","E06000026",211502,39193,34290,50842,45462,41715,117891,18170,26605,40797,29234,3085,93611,21023,7685,10045,16228,38630,3244,1805,461,374,447,157,13003,6901,1786,1479,1959,878,6295,1639,1016,925,1796,919,4454,854,640,666,1392,902,3181,393,466,524,1010,788,2910,169,408,438,930,965,11087,240,1110,1678,2683,5376,34340,53,427,2418,5154,26288,15097,8969,1371,1543,857,2357
"2011","Poole","E06000029",121986,15098,17547,31098,28085,30158,72164,9175,14570,26258,19458,2703,49822,5923,2977,4840,8627,27455,1240,414,183,237,286,120,4760,1372,727,771,1131,759,2903,350,368,491,987,707,2229,192,265,368,762,642,1827,107,187,254,638,641,1671,44,148,251,537,691,6815,73,482,864,1509,3887,22322,22,190,1137,2468,18505,6055,3349,427,467,309,1503
"2011","South Gloucestershire","E06000025",212837,29518,31469,59421,48020,44409,137271,18369,26636,52196,35068,5002,75566,11149,4833,7225,12952,39407,2257,833,342,387,439,256,8202,2664,1120,1233,1935,1250,4794,591,654,760,1615,1174,3857,296,496,552,1320,1193,2909,138,293,407,997,1074,2654,85,236,380,782,1171,10537,104,695,1253,2237,6248,30286,15,249,1552,3190,25280,10070,6423,748,701,437,1761
"2011","Swindon","E06000030",167774,22690,30247,49537,36446,28854,109872,14168,25147,41989,25735,2833,57902,8522,5100,7548,10711,26021,1799,535,355,431,347,131,6125,1440,1083,1240,1616,746,4225,564,594,837,1350,880,3333,323,509,617,1071,813,2435,168,376,380,783,728,2128,104,281,357,650,736,8329,137,801,1360,1827,4204,20541,32,289,1448,2482,16290,8987,5219,812,878,585,1493
"2011","Torbay","E06000027",109290,12738,12840,25462,27396,30854,57396,7275,10105,20037,17185,2794,51894,5463,2735,5425,10211,28060,1006,291,147,241,231,96,4656,1221,574,881,1280,700,2999,383,338,528,1041,709,2246,191,216,375,817,647,1858,91,161,266,748,592,1731,66,150,236,614,665,7740,76,490,987,1904,4283,23343,16,202,1341,3132,18652,6315,3128,457,570,444,1716
"2011","Wiltshire","E06000054",380013,47797,50549,103336,92843,85488,240956,30549,42525,89141,67762,10979,139057,17248,8024,14195,25081,74509,3525,1047,502,746,823,407,13248,2900,1833,2325,3860,2330,8965,894,1096,1499,3092,2384,7015,532,834,1105,2366,2178,5443,238,599,813,1914,1879,5241,182,429,798,1621,2211,20412,219,1318,2719,4328,11828,57087,51,417,2972,6154,47493,18121,11185,996,1218,923,3799
"2011","Devon","E10000008",623225,79492,72191,145676,157440,168426,357261,45025,59825,124455,108476,19480,265964,34467,12366,21221,48964,148946,6329,2370,767,1066,1367,759,26461,9094,2910,3553,6778,4126,15278,2060,1601,2123,5505,3989,11599,1085,1153,1482,4233,3646,9412,553,764,1111,3633,3351,9082,267,640,1086,3119,3970,37149,371,1877,3799,9013,22089,118158,106,726,4781,13545,99000,32496,18561,1928,2220,1771,8016
"2011","Dorset","E10000009",345596,38462,34925,79352,88712,104145,192815,24133,28785,67643,61138,11116,152781,14329,6140,11709,27574,93029,2944,921,378,494,734,417,12433,2721,1447,1948,3875,2442,7969,761,809,1197,2949,2253,6593,441,566,855,2538,2193,5341,255,407,636,2074,1969,5160,143,354,582,1785,2296,22485,191,938,2189,5202,13965,74105,56,388,2700,7579,63382,15751,8840,853,1108,838,4112
"2011","Gloucestershire","E10000013",490233,64795,67378,128490,118215,111355,302195,37914,56330,110090,84339,13522,188038,26881,11048,18400,33876,97833,5443,2141,761,942,1119,480,18923,5621,2464,3026,4915,2897,11590,1427,1370,1935,4011,2847,9053,837,990,1397,3095,2734,6938,370,683,1025,2425,2435,6316,210,523,900,2015,2668,26345,287,1721,3269,5809,15259,76933,73,628,3731,8881,63620,26497,15915,1908,2175,1606,4893
"2011","Somerset","E10000027",435382,54266,52090,106806,110560,111660,258828,33541,43326,91292,77672,12997,176554,20725,8764,15514,32888,98663,3886,1210,510,755,925,486,15548,3694,1964,2501,4602,2787,10242,1118,1115,1534,3796,2679,7866,586,817,1066,2977,2420,6332,286,549,833,2368,2296,6244,193,517,792,2102,2640,25464,284,1366,2791,5966,15057,78195,72,536,3543,8930,65114,22777,13282,1390,1699,1222,5184
"2011","Anglesey","W06000001",57890,6941,7166,13237,14900,15646,30726,3770,5540,10629,9236,1551,27164,3171,1626,2608,5664,14095,490,149,100,85,110,46,2328,630,374,401,599,324,1686,205,224,281,617,359,1087,99,143,163,382,300,888,52,102,131,318,285,864,25,72,98,311,358,3543,38,221,398,978,1908,12326,18,97,694,2028,9489,3952,1955,293,357,321,1026
"2011","Gwynedd","W06000002",100923,16723,12532,22808,23720,25140,54523,7423,9705,18774,15611,3010,46400,9300,2827,4034,8109,22130,1147,619,150,130,161,87,5702,2835,679,680,962,546,2698,702,338,377,756,525,1940,332,219,240,593,556,1507,178,126,171,522,510,1316,60,119,179,469,489,5527,76,378,604,1498,2971,18866,29,165,979,2744,14949,7697,4469,653,674,404,1497
"2011","Conwy","W06000003",96102,11037,10754,22033,24116,28162,50627,6026,8525,18003,15303,2770,45475,5011,2229,4030,8813,25392,779,237,132,154,165,91,3681,959,503,616,1030,573,2327,290,284,377,834,542,1963,144,181,290,766,582,1514,76,133,224,573,508,1483,59,106,191,540,587,6098,80,306,625,1562,3525,21736,17,142,1014,2894,17669,5894,3149,442,539,449,1315
"2011","Denbighshire","W06000004",76781,10025,9021,18698,19347,19690,41474,5185,6999,15233,12069,1988,35307,4840,2022,3465,7278,17702,627,189,93,124,145,76,2963,826,418,507,824,388,2001,273,248,327,732,421,1546,140,178,228,581,419,1196,64,112,176,479,365,1115,50,98,153,403,411,4725,67,314,562,1214,2568,15601,23,153,823,2536,12066,5533,3208,408,565,364,988
"2011","Flintshire","W06000005",123862,16542,16924,32914,30646,26836,74421,9925,14051,27946,19890,2609,49441,6617,2873,4968,10756,24227,1213,397,194,246,286,90,4357,1068,608,760,1353,568,3055,346,351,501,1201,656,2383,192,276,368,911,636,1829,116,202,248,682,581,1853,74,153,237,648,741,6680,92,450,797,1877,3464,21051,40,206,1252,3359,16194,7020,4292,433,559,439,1297
"2011","Wrexham","W06000006",109026,14846,17037,28509,25783,22851,63967,8153,13557,23553,16606,2098,45059,6693,3480,4956,9177,20753,1025,342,205,212,188,78,4142,1194,763,649,1037,499,2777,434,399,454,982,508,2149,249,264,337,782,517,1558,140,231,208,545,434,1449,85,170,223,475,496,5857,125,571,833,1422,2906,18686,45,246,1301,3215,13879,7416,4079,631,739,531,1436
"2011","Powys","W06000023",110083,12708,11720,25946,29463,30246,64632,7592,9749,22242,20411,4638,45451,5116,1971,3704,9052,25608,947,234,134,210,245,124,3623,835,441,562,1005,780,2485,245,237,343,938,722,1980,127,198,262,751,642,1671,77,124,187,671,612,1561,32,107,197,543,682,6437,54,306,616,1627,3834,20491,22,134,940,2885,16510,6256,3490,290,387,387,1702
"2011","Ceredigion","W06000008",64692,14053,6918,12717,15299,15705,32853,4933,5413,10417,9948,2142,31839,9120,1505,2300,5351,13563,1156,816,78,89,108,65,5143,3378,400,332,653,380,1925,713,203,209,501,299,1359,377,119,156,378,329,975,114,80,108,349,324,908,59,65,108,308,368,3661,48,191,371,1018,2033,11549,17,76,628,1821,9007,5163,3598,293,299,215,758
"2011","Pembrokeshire","W06000009",100362,12639,11630,23490,25910,26693,54774,7064,9032,19091,16508,3079,45588,5575,2598,4399,9402,23614,802,246,127,162,170,97,4245,1221,613,724,1121,566,2420,359,320,403,814,524,1882,165,217,286,711,503,1515,115,153,211,616,420,1536,58,133,187,551,607,6226,85,357,666,1768,3350,20370,18,185,1132,3158,15877,6592,3308,493,628,493,1670
"2011","Carmarthenshire","W06000010",150763,19578,18861,36030,38118,38176,81402,10447,14883,29003,23294,3775,69361,9131,3978,7027,14824,34401,1260,508,202,232,215,103,5101,1505,726,840,1368,662,3519,523,482,554,1264,696,2806,290,322,471,1096,627,2251,151,237,337,896,630,2142,98,192,323,816,713,9021,130,599,1160,2662,4470,32326,45,331,2126,5790,24034,10935,5881,887,984,717,2466
"2011","Swansea","W06000011",197627,33936,29948,46943,43988,42812,103457,15127,22395,36518,26219,3198,94170,18809,7553,10425,17769,39614,2784,1498,443,355,345,143,10340,5021,1593,1278,1710,738,5469,1345,817,870,1633,804,3965,644,587,644,1307,783,2937,307,441,456,1077,656,2828,153,338,464,995,878,10446,169,923,1570,2908,4876,38304,55,483,2860,6649,28257,17097,9617,1928,1928,1145,2479
"2011","Neath Port Talbot","W06000012",115175,14930,17013,28679,28502,26051,59258,7556,12859,21605,15759,1479,55917,7374,4154,7074,12743,24572,1089,357,230,244,212,46,4067,1157,714,746,1092,358,2863,365,484,547,1063,404,2292,232,353,480,846,381,1718,130,251,301,669,367,1560,65,199,272,597,427,6487,103,691,1082,1987,2624,26458,46,363,2256,5506,18287,9383,4919,869,1146,771,1678
"2011","Bridgend","W06000013",113890,15018,16771,30225,27022,24854,61551,7572,12636,23817,15903,1623,52339,7446,4135,6408,11119,23231,1066,358,218,225,204,61,4205,1127,762,833,1074,409,2940,426,523,580,993,418,2376,265,382,444,781,504,1814,109,243,343,679,440,1738,84,225,282,624,523,6870,126,667,1044,1916,3117,22782,34,352,1790,4287,16319,8548,4917,763,867,561,1440
"2011","The Vale of Glamorgan","W06000014",102504,13298,14206,26364,25581,23055,59274,7050,11372,21849,16815,2188,43230,6248,2834,4515,8766,20867,984,315,187,204,195,83,3794,984,560,667,1073,510,2507,276,367,387,971,506,2037,180,247,325,800,485,1481,113,165,242,553,408,1515,62,131,237,555,530,5990,82,447,798,1581,3082,17990,18,196,1077,2618,14081,6932,4218,534,578,420,1182
"2011","Cardiff","W06000015",283115,60626,55805,67066,54066,45552,160377,25975,43081,52600,34655,4066,122738,34651,12724,14466,19411,41486,4805,2933,709,559,430,174,18695,10692,2713,1905,2370,1015,7832,2412,1349,1210,1869,992,5399,1266,905,893,1464,871,3764,606,656,631,1074,797,3042,282,490,495,842,933,12326,339,1414,2076,3052,5445,38541,77,612,3176,6359,28317,28334,16044,3876,3521,1951,2942
"2011","Rhondda, Cynon, Taff","W06000016",190116,28240,28949,48303,44551,40073,99690,13284,21571,37468,25075,2292,90426,14956,7378,10835,19476,37781,1831,729,377,341,290,94,7295,2534,1284,1140,1667,670,4845,751,870,913,1602,709,3726,440,570,637,1350,729,2836,238,372,453,1070,703,2641,177,345,435,955,729,10648,223,1125,1667,3146,4487,39398,63,661,3391,8256,27027,17206,9801,1774,1858,1140,2633
"2011","Merthyr Tydfil","W06000024",47842,7048,7587,12053,11358,9796,25202,3533,5716,9201,6191,561,22640,3515,1871,2852,5167,9235,398,156,80,76,71,15,1677,522,310,297,394,154,1253,196,218,224,445,170,875,86,164,163,294,168,673,69,127,118,222,137,612,37,96,105,217,157,2329,54,281,423,714,857,10497,18,152,865,2454,7008,4326,2377,443,581,356,569
"2011","Caerphilly","W06000018",143825,19891,22211,37721,34437,29565,77756,10070,16857,29530,19518,1781,66069,9821,5354,8191,14919,27784,1169,423,218,240,212,76,4729,1350,911,867,1153,448,3761,488,644,732,1330,567,2826,279,439,520,1055,533,2086,146,305,395,785,455,1965,98,271,355,647,594,8341,158,972,1382,2495,3334,29164,45,500,2419,6372,19828,12028,6834,1094,1281,870,1949
"2011","Blaenau Gwent","W06000019",57321,8414,8280,14801,13349,12477,28400,4014,5854,10948,6902,682,28921,4400,2426,3853,6447,11795,548,191,94,114,114,35,2096,634,384,405,492,181,1532,208,291,304,534,195,1242,163,217,212,401,249,881,83,122,183,299,194,802,59,102,157,287,197,3585,70,462,596,1144,1313,12647,29,214,1221,2709,8474,5588,2963,540,661,467,957
"2011","Torfaen","W06000020",73833,10458,10643,18494,17868,16370,40415,5711,8200,14773,10698,1033,33418,4747,2443,3721,7170,15337,697,255,125,101,170,46,2695,755,481,465,702,292,1799,273,276,334,606,310,1505,163,222,279,544,297,1105,64,143,185,441,272,984,52,115,160,368,289,4326,93,436,601,1274,1922,14942,14,185,1072,2660,11011,5365,3078,460,524,405,898
"2011","Monmouthshire","W06000021",75080,8889,7879,19552,19717,19043,43210,4767,6291,16487,13410,2255,31870,4122,1588,3065,6307,16788,634,193,83,118,170,70,2667,625,352,475,815,400,1826,203,219,319,683,402,1516,124,142,242,577,431,1168,75,93,172,444,384,1107,28,101,141,399,438,4507,56,261,536,1134,2520,13904,17,115,751,1829,11192,4541,2801,222,311,256,951
"2011","Newport","W06000022",116348,18036,18567,30328,25666,23751,64691,8993,13893,24017,15984,1804,51657,9043,4674,6311,9682,21947,1267,509,228,221,227,82,4999,1786,908,779,1084,442,3193,507,534,576,1048,528,2268,312,323,378,739,516,1692,153,272,297,561,409,1542,88,181,269,507,497,6318,148,686,1019,1616,2849,20165,38,285,1513,3080,15249,10213,5502,1257,1259,820,1375

